text,language
"Hello, how are you?",English
My name is Teddy,English
I love learning new things,English
This is a beautiful day,English
Can you help me please?,English
What time is it?,English
I am feeling great today,English
Let's go to the park,English
I am reading a good book,English
See you tomorrow,English
"Hello, how are you?",English
My name is Teddy,English
I love learning new things,English
This is a beautiful day,English
Can you help me please?,English
What time is it?,English
I am feeling great today,English
Let's go to the park,English
I am reading a good book,English
See you tomorrow,English
"Hello, how are you?",English
My name is Teddy,English
I love learning new things,English
This is a beautiful day,English
Can you help me please?,English
What time is it?,English
I am feeling great today,English
Let's go to the park,English
I am reading a good book,English
See you tomorrow,English
"Hello, how are you?",English
My name is Teddy,English
I love learning new things,English
This is a beautiful day,English
Can you help me please?,English
What time is it?,English
I am feeling great today,English
Let's go to the park,English
I am reading a good book,English
See you tomorrow,English
"Hello, how are you?",English
My name is Teddy,English
I love learning new things,English
This is a beautiful day,English
Can you help me please?,English
What time is it?,English
I am feeling great today,English
Let's go to the park,English
I am reading a good book,English
See you tomorrow,English
"Hello, how are you?",English
My name is Teddy,English
I love learning new things,English
This is a beautiful day,English
Can you help me please?,English
What time is it?,English
I am feeling great today,English
Let's go to the park,English
I am reading a good book,English
See you tomorrow,English
"Hello, how are you?",English
My name is Teddy,English
I love learning new things,English
This is a beautiful day,English
Can you help me please?,English
What time is it?,English
I am feeling great today,English
Let's go to the park,English
I am reading a good book,English
See you tomorrow,English
"Hello, how are you?",English
My name is Teddy,English
I love learning new things,English
This is a beautiful day,English
Can you help me please?,English
What time is it?,English
I am feeling great today,English
Let's go to the park,English
I am reading a good book,English
See you tomorrow,English
"Hello, how are you?",English
My name is Teddy,English
I love learning new things,English
This is a beautiful day,English
Can you help me please?,English
What time is it?,English
I am feeling great today,English
Let's go to the park,English
I am reading a good book,English
See you tomorrow,English
"Hello, how are you?",English
My name is Teddy,English
I love learning new things,English
This is a beautiful day,English
Can you help me please?,English
What time is it?,English
I am feeling great today,English
Let's go to the park,English
I am reading a good book,English
See you tomorrow,English
"Hello, how are you?",English
My name is Teddy,English
I love learning new things,English
This is a beautiful day,English
Can you help me please?,English
What time is it?,English
I am feeling great today,English
Let's go to the park,English
I am reading a good book,English
See you tomorrow,English
"Hello, how are you?",English
My name is Teddy,English
I love learning new things,English
This is a beautiful day,English
Can you help me please?,English
What time is it?,English
I am feeling great today,English
Let's go to the park,English
I am reading a good book,English
See you tomorrow,English
"Hello, how are you?",English
My name is Teddy,English
I love learning new things,English
This is a beautiful day,English
Can you help me please?,English
What time is it?,English
I am feeling great today,English
Let's go to the park,English
I am reading a good book,English
See you tomorrow,English
"Hello, how are you?",English
My name is Teddy,English
I love learning new things,English
This is a beautiful day,English
Can you help me please?,English
What time is it?,English
I am feeling great today,English
Let's go to the park,English
I am reading a good book,English
See you tomorrow,English
"Hello, how are you?",English
My name is Teddy,English
I love learning new things,English
This is a beautiful day,English
Can you help me please?,English
What time is it?,English
I am feeling great today,English
Let's go to the park,English
I am reading a good book,English
See you tomorrow,English
"Hello, how are you?",English
My name is Teddy,English
I love learning new things,English
This is a beautiful day,English
Can you help me please?,English
What time is it?,English
I am feeling great today,English
Let's go to the park,English
I am reading a good book,English
See you tomorrow,English
"Hello, how are you?",English
My name is Teddy,English
I love learning new things,English
This is a beautiful day,English
Can you help me please?,English
What time is it?,English
I am feeling great today,English
Let's go to the park,English
I am reading a good book,English
See you tomorrow,English
"Hello, how are you?",English
My name is Teddy,English
I love learning new things,English
This is a beautiful day,English
Can you help me please?,English
What time is it?,English
I am feeling great today,English
Let's go to the park,English
I am reading a good book,English
See you tomorrow,English
"Hello, how are you?",English
My name is Teddy,English
I love learning new things,English
This is a beautiful day,English
Can you help me please?,English
What time is it?,English
I am feeling great today,English
Let's go to the park,English
I am reading a good book,English
See you tomorrow,English
"Hello, how are you?",English
My name is Teddy,English
I love learning new things,English
This is a beautiful day,English
Can you help me please?,English
What time is it?,English
I am feeling great today,English
Let's go to the park,English
I am reading a good book,English
See you tomorrow,English
"Hello, how are you?",English
My name is Teddy,English
I love learning new things,English
This is a beautiful day,English
Can you help me please?,English
What time is it?,English
I am feeling great today,English
Let's go to the park,English
I am reading a good book,English
See you tomorrow,English
"Hello, how are you?",English
My name is Teddy,English
I love learning new things,English
This is a beautiful day,English
Can you help me please?,English
What time is it?,English
I am feeling great today,English
Let's go to the park,English
I am reading a good book,English
See you tomorrow,English
"Hello, how are you?",English
My name is Teddy,English
I love learning new things,English
This is a beautiful day,English
Can you help me please?,English
What time is it?,English
I am feeling great today,English
Let's go to the park,English
I am reading a good book,English
See you tomorrow,English
"Hello, how are you?",English
My name is Teddy,English
I love learning new things,English
This is a beautiful day,English
Can you help me please?,English
What time is it?,English
I am feeling great today,English
Let's go to the park,English
I am reading a good book,English
See you tomorrow,English
"Hello, how are you?",English
My name is Teddy,English
I love learning new things,English
This is a beautiful day,English
Can you help me please?,English
What time is it?,English
I am feeling great today,English
Let's go to the park,English
I am reading a good book,English
See you tomorrow,English
"Hello, how are you?",English
My name is Teddy,English
I love learning new things,English
This is a beautiful day,English
Can you help me please?,English
What time is it?,English
I am feeling great today,English
Let's go to the park,English
I am reading a good book,English
See you tomorrow,English
"Hello, how are you?",English
My name is Teddy,English
I love learning new things,English
This is a beautiful day,English
Can you help me please?,English
What time is it?,English
I am feeling great today,English
Let's go to the park,English
I am reading a good book,English
See you tomorrow,English
"Hello, how are you?",English
My name is Teddy,English
I love learning new things,English
This is a beautiful day,English
Can you help me please?,English
What time is it?,English
I am feeling great today,English
Let's go to the park,English
I am reading a good book,English
See you tomorrow,English
"Hello, how are you?",English
My name is Teddy,English
I love learning new things,English
This is a beautiful day,English
Can you help me please?,English
What time is it?,English
I am feeling great today,English
Let's go to the park,English
I am reading a good book,English
See you tomorrow,English
"Hello, how are you?",English
My name is Teddy,English
I love learning new things,English
This is a beautiful day,English
Can you help me please?,English
What time is it?,English
I am feeling great today,English
Let's go to the park,English
I am reading a good book,English
See you tomorrow,English
"Hello, how are you?",English
My name is Teddy,English
I love learning new things,English
This is a beautiful day,English
Can you help me please?,English
What time is it?,English
I am feeling great today,English
Let's go to the park,English
I am reading a good book,English
See you tomorrow,English
"Hello, how are you?",English
My name is Teddy,English
I love learning new things,English
This is a beautiful day,English
Can you help me please?,English
What time is it?,English
I am feeling great today,English
Let's go to the park,English
I am reading a good book,English
See you tomorrow,English
"Hello, how are you?",English
My name is Teddy,English
I love learning new things,English
This is a beautiful day,English
Can you help me please?,English
What time is it?,English
I am feeling great today,English
Let's go to the park,English
I am reading a good book,English
See you tomorrow,English
"Hello, how are you?",English
My name is Teddy,English
I love learning new things,English
This is a beautiful day,English
Can you help me please?,English
What time is it?,English
I am feeling great today,English
Let's go to the park,English
I am reading a good book,English
See you tomorrow,English
"Hello, how are you?",English
My name is Teddy,English
I love learning new things,English
This is a beautiful day,English
Can you help me please?,English
What time is it?,English
I am feeling great today,English
Let's go to the park,English
I am reading a good book,English
See you tomorrow,English
"Hello, how are you?",English
My name is Teddy,English
I love learning new things,English
This is a beautiful day,English
Can you help me please?,English
What time is it?,English
I am feeling great today,English
Let's go to the park,English
I am reading a good book,English
See you tomorrow,English
"Hello, how are you?",English
My name is Teddy,English
I love learning new things,English
This is a beautiful day,English
Can you help me please?,English
What time is it?,English
I am feeling great today,English
Let's go to the park,English
I am reading a good book,English
See you tomorrow,English
"Hello, how are you?",English
My name is Teddy,English
I love learning new things,English
This is a beautiful day,English
Can you help me please?,English
What time is it?,English
I am feeling great today,English
Let's go to the park,English
I am reading a good book,English
See you tomorrow,English
"Hello, how are you?",English
My name is Teddy,English
I love learning new things,English
This is a beautiful day,English
Can you help me please?,English
What time is it?,English
I am feeling great today,English
Let's go to the park,English
I am reading a good book,English
See you tomorrow,English
"Hello, how are you?",English
My name is Teddy,English
I love learning new things,English
This is a beautiful day,English
Can you help me please?,English
What time is it?,English
I am feeling great today,English
Let's go to the park,English
I am reading a good book,English
See you tomorrow,English
"Hello, how are you?",English
My name is Teddy,English
I love learning new things,English
This is a beautiful day,English
Can you help me please?,English
What time is it?,English
I am feeling great today,English
Let's go to the park,English
I am reading a good book,English
See you tomorrow,English
"Hello, how are you?",English
My name is Teddy,English
I love learning new things,English
This is a beautiful day,English
Can you help me please?,English
What time is it?,English
I am feeling great today,English
Let's go to the park,English
I am reading a good book,English
See you tomorrow,English
"Hello, how are you?",English
My name is Teddy,English
I love learning new things,English
This is a beautiful day,English
Can you help me please?,English
What time is it?,English
I am feeling great today,English
Let's go to the park,English
I am reading a good book,English
See you tomorrow,English
"Hello, how are you?",English
My name is Teddy,English
I love learning new things,English
This is a beautiful day,English
Can you help me please?,English
What time is it?,English
I am feeling great today,English
Let's go to the park,English
I am reading a good book,English
See you tomorrow,English
"Hello, how are you?",English
My name is Teddy,English
I love learning new things,English
This is a beautiful day,English
Can you help me please?,English
What time is it?,English
I am feeling great today,English
Let's go to the park,English
I am reading a good book,English
See you tomorrow,English
"Hello, how are you?",English
My name is Teddy,English
I love learning new things,English
This is a beautiful day,English
Can you help me please?,English
What time is it?,English
I am feeling great today,English
Let's go to the park,English
I am reading a good book,English
See you tomorrow,English
"Hello, how are you?",English
My name is Teddy,English
I love learning new things,English
This is a beautiful day,English
Can you help me please?,English
What time is it?,English
I am feeling great today,English
Let's go to the park,English
I am reading a good book,English
See you tomorrow,English
"Hello, how are you?",English
My name is Teddy,English
I love learning new things,English
This is a beautiful day,English
Can you help me please?,English
What time is it?,English
I am feeling great today,English
Let's go to the park,English
I am reading a good book,English
See you tomorrow,English
"Hello, how are you?",English
My name is Teddy,English
I love learning new things,English
This is a beautiful day,English
Can you help me please?,English
What time is it?,English
I am feeling great today,English
Let's go to the park,English
I am reading a good book,English
See you tomorrow,English
"Hello, how are you?",English
My name is Teddy,English
I love learning new things,English
This is a beautiful day,English
Can you help me please?,English
What time is it?,English
I am feeling great today,English
Let's go to the park,English
I am reading a good book,English
See you tomorrow,English
comment allez-vous,French
Je m'appelle Pierre,French
J'aime apprendre de nouvelles choses,French
C'est une belle journée,French
Pouvez-vous m'aider s'il vous plaît?,French
Quelle heure est-il?,French
Je me sens très bien aujourd'hui,French
Allons au parc,French
Je lis un bon livre,French
À demain,French
comment allez-vous,French
Je m'appelle Pierre,French
J'aime apprendre de nouvelles choses,French
C'est une belle journée,French
Pouvez-vous m'aider s'il vous plaît?,French
Quelle heure est-il?,French
Je me sens très bien aujourd'hui,French
Allons au parc,French
Je lis un bon livre,French
À demain,French
comment allez-vous,French
Je m'appelle Pierre,French
J'aime apprendre de nouvelles choses,French
C'est une belle journée,French
Pouvez-vous m'aider s'il vous plaît?,French
Quelle heure est-il?,French
Je me sens très bien aujourd'hui,French
Allons au parc,French
Je lis un bon livre,French
À demain,French
comment allez-vous,French
Je m'appelle Pierre,French
J'aime apprendre de nouvelles choses,French
C'est une belle journée,French
Pouvez-vous m'aider s'il vous plaît?,French
Quelle heure est-il?,French
Je me sens très bien aujourd'hui,French
Allons au parc,French
Je lis un bon livre,French
À demain,French
comment allez-vous,French
Je m'appelle Pierre,French
J'aime apprendre de nouvelles choses,French
C'est une belle journée,French
Pouvez-vous m'aider s'il vous plaît?,French
Quelle heure est-il?,French
Je me sens très bien aujourd'hui,French
Allons au parc,French
Je lis un bon livre,French
À demain,French
comment allez-vous,French
Je m'appelle Pierre,French
J'aime apprendre de nouvelles choses,French
C'est une belle journée,French
Pouvez-vous m'aider s'il vous plaît?,French
Quelle heure est-il?,French
Je me sens très bien aujourd'hui,French
Allons au parc,French
Je lis un bon livre,French
À demain,French
comment allez-vous,French
Je m'appelle Pierre,French
J'aime apprendre de nouvelles choses,French
C'est une belle journée,French
Pouvez-vous m'aider s'il vous plaît?,French
Quelle heure est-il?,French
Je me sens très bien aujourd'hui,French
Allons au parc,French
Je lis un bon livre,French
À demain,French
comment allez-vous,French
Je m'appelle Pierre,French
J'aime apprendre de nouvelles choses,French
C'est une belle journée,French
Pouvez-vous m'aider s'il vous plaît?,French
Quelle heure est-il?,French
Je me sens très bien aujourd'hui,French
Allons au parc,French
Je lis un bon livre,French
À demain,French
comment allez-vous,French
Je m'appelle Pierre,French
J'aime apprendre de nouvelles choses,French
C'est une belle journée,French
Pouvez-vous m'aider s'il vous plaît?,French
Quelle heure est-il?,French
Je me sens très bien aujourd'hui,French
Allons au parc,French
Je lis un bon livre,French
À demain,French
comment allez-vous,French
Je m'appelle Pierre,French
J'aime apprendre de nouvelles choses,French
C'est une belle journée,French
Pouvez-vous m'aider s'il vous plaît?,French
Quelle heure est-il?,French
Je me sens très bien aujourd'hui,French
Allons au parc,French
Je lis un bon livre,French
À demain,French
comment allez-vous,French
Je m'appelle Pierre,French
J'aime apprendre de nouvelles choses,French
C'est une belle journée,French
Pouvez-vous m'aider s'il vous plaît?,French
Quelle heure est-il?,French
Je me sens très bien aujourd'hui,French
Allons au parc,French
Je lis un bon livre,French
À demain,French
comment allez-vous,French
Je m'appelle Pierre,French
J'aime apprendre de nouvelles choses,French
C'est une belle journée,French
Pouvez-vous m'aider s'il vous plaît?,French
Quelle heure est-il?,French
Je me sens très bien aujourd'hui,French
Allons au parc,French
Je lis un bon livre,French
À demain,French
comment allez-vous,French
Je m'appelle Pierre,French
J'aime apprendre de nouvelles choses,French
C'est une belle journée,French
Pouvez-vous m'aider s'il vous plaît?,French
Quelle heure est-il?,French
Je me sens très bien aujourd'hui,French
Allons au parc,French
Je lis un bon livre,French
À demain,French
comment allez-vous,French
Je m'appelle Pierre,French
J'aime apprendre de nouvelles choses,French
C'est une belle journée,French
Pouvez-vous m'aider s'il vous plaît?,French
Quelle heure est-il?,French
Je me sens très bien aujourd'hui,French
Allons au parc,French
Je lis un bon livre,French
À demain,French
comment allez-vous,French
Je m'appelle Pierre,French
J'aime apprendre de nouvelles choses,French
C'est une belle journée,French
Pouvez-vous m'aider s'il vous plaît?,French
Quelle heure est-il?,French
Je me sens très bien aujourd'hui,French
Allons au parc,French
Je lis un bon livre,French
À demain,French
comment allez-vous,French
Je m'appelle Pierre,French
J'aime apprendre de nouvelles choses,French
C'est une belle journée,French
Pouvez-vous m'aider s'il vous plaît?,French
Quelle heure est-il?,French
Je me sens très bien aujourd'hui,French
Allons au parc,French
Je lis un bon livre,French
À demain,French
comment allez-vous,French
Je m'appelle Pierre,French
J'aime apprendre de nouvelles choses,French
C'est une belle journée,French
Pouvez-vous m'aider s'il vous plaît?,French
Quelle heure est-il?,French
Je me sens très bien aujourd'hui,French
Allons au parc,French
Je lis un bon livre,French
À demain,French
comment allez-vous,French
Je m'appelle Pierre,French
J'aime apprendre de nouvelles choses,French
C'est une belle journée,French
Pouvez-vous m'aider s'il vous plaît?,French
Quelle heure est-il?,French
Je me sens très bien aujourd'hui,French
Allons au parc,French
Je lis un bon livre,French
À demain,French
comment allez-vous,French
Je m'appelle Pierre,French
J'aime apprendre de nouvelles choses,French
C'est une belle journée,French
Pouvez-vous m'aider s'il vous plaît?,French
Quelle heure est-il?,French
Je me sens très bien aujourd'hui,French
Allons au parc,French
Je lis un bon livre,French
À demain,French
comment allez-vous,French
Je m'appelle Pierre,French
J'aime apprendre de nouvelles choses,French
C'est une belle journée,French
Pouvez-vous m'aider s'il vous plaît?,French
Quelle heure est-il?,French
Je me sens très bien aujourd'hui,French
Allons au parc,French
Je lis un bon livre,French
À demain,French
comment allez-vous,French
Je m'appelle Pierre,French
J'aime apprendre de nouvelles choses,French
C'est une belle journée,French
Pouvez-vous m'aider s'il vous plaît?,French
Quelle heure est-il?,French
Je me sens très bien aujourd'hui,French
Allons au parc,French
Je lis un bon livre,French
À demain,French
comment allez-vous,French
Je m'appelle Pierre,French
J'aime apprendre de nouvelles choses,French
C'est une belle journée,French
Pouvez-vous m'aider s'il vous plaît?,French
Quelle heure est-il?,French
Je me sens très bien aujourd'hui,French
Allons au parc,French
Je lis un bon livre,French
À demain,French
comment allez-vous,French
Je m'appelle Pierre,French
J'aime apprendre de nouvelles choses,French
C'est une belle journée,French
Pouvez-vous m'aider s'il vous plaît?,French
Quelle heure est-il?,French
Je me sens très bien aujourd'hui,French
Allons au parc,French
Je lis un bon livre,French
À demain,French
comment allez-vous,French
Je m'appelle Pierre,French
J'aime apprendre de nouvelles choses,French
C'est une belle journée,French
Pouvez-vous m'aider s'il vous plaît?,French
Quelle heure est-il?,French
Je me sens très bien aujourd'hui,French
Allons au parc,French
Je lis un bon livre,French
À demain,French
comment allez-vous,French
Je m'appelle Pierre,French
J'aime apprendre de nouvelles choses,French
C'est une belle journée,French
Pouvez-vous m'aider s'il vous plaît?,French
Quelle heure est-il?,French
Je me sens très bien aujourd'hui,French
Allons au parc,French
Je lis un bon livre,French
À demain,French
comment allez-vous,French
Je m'appelle Pierre,French
J'aime apprendre de nouvelles choses,French
C'est une belle journée,French
Pouvez-vous m'aider s'il vous plaît?,French
Quelle heure est-il?,French
Je me sens très bien aujourd'hui,French
Allons au parc,French
Je lis un bon livre,French
À demain,French
comment allez-vous,French
Je m'appelle Pierre,French
J'aime apprendre de nouvelles choses,French
C'est une belle journée,French
Pouvez-vous m'aider s'il vous plaît?,French
Quelle heure est-il?,French
Je me sens très bien aujourd'hui,French
Allons au parc,French
Je lis un bon livre,French
À demain,French
comment allez-vous,French
Je m'appelle Pierre,French
J'aime apprendre de nouvelles choses,French
C'est une belle journée,French
Pouvez-vous m'aider s'il vous plaît?,French
Quelle heure est-il?,French
Je me sens très bien aujourd'hui,French
Allons au parc,French
Je lis un bon livre,French
À demain,French
comment allez-vous,French
Je m'appelle Pierre,French
J'aime apprendre de nouvelles choses,French
C'est une belle journée,French
Pouvez-vous m'aider s'il vous plaît?,French
Quelle heure est-il?,French
Je me sens très bien aujourd'hui,French
Allons au parc,French
Je lis un bon livre,French
À demain,French
comment allez-vous,French
Je m'appelle Pierre,French
J'aime apprendre de nouvelles choses,French
C'est une belle journée,French
Pouvez-vous m'aider s'il vous plaît?,French
Quelle heure est-il?,French
Je me sens très bien aujourd'hui,French
Allons au parc,French
Je lis un bon livre,French
À demain,French
comment allez-vous,French
Je m'appelle Pierre,French
J'aime apprendre de nouvelles choses,French
C'est une belle journée,French
Pouvez-vous m'aider s'il vous plaît?,French
Quelle heure est-il?,French
Je me sens très bien aujourd'hui,French
Allons au parc,French
Je lis un bon livre,French
À demain,French
comment allez-vous,French
Je m'appelle Pierre,French
J'aime apprendre de nouvelles choses,French
C'est une belle journée,French
Pouvez-vous m'aider s'il vous plaît?,French
Quelle heure est-il?,French
Je me sens très bien aujourd'hui,French
Allons au parc,French
Je lis un bon livre,French
À demain,French
comment allez-vous,French
Je m'appelle Pierre,French
J'aime apprendre de nouvelles choses,French
C'est une belle journée,French
Pouvez-vous m'aider s'il vous plaît?,French
Quelle heure est-il?,French
Je me sens très bien aujourd'hui,French
Allons au parc,French
Je lis un bon livre,French
À demain,French
comment allez-vous,French
Je m'appelle Pierre,French
J'aime apprendre de nouvelles choses,French
C'est une belle journée,French
Pouvez-vous m'aider s'il vous plaît?,French
Quelle heure est-il?,French
Je me sens très bien aujourd'hui,French
Allons au parc,French
Je lis un bon livre,French
À demain,French
comment allez-vous,French
Je m'appelle Pierre,French
J'aime apprendre de nouvelles choses,French
C'est une belle journée,French
Pouvez-vous m'aider s'il vous plaît?,French
Quelle heure est-il?,French
Je me sens très bien aujourd'hui,French
Allons au parc,French
Je lis un bon livre,French
À demain,French
comment allez-vous,French
Je m'appelle Pierre,French
J'aime apprendre de nouvelles choses,French
C'est une belle journée,French
Pouvez-vous m'aider s'il vous plaît?,French
Quelle heure est-il?,French
Je me sens très bien aujourd'hui,French
Allons au parc,French
Je lis un bon livre,French
À demain,French
comment allez-vous,French
Je m'appelle Pierre,French
J'aime apprendre de nouvelles choses,French
C'est une belle journée,French
Pouvez-vous m'aider s'il vous plaît?,French
Quelle heure est-il?,French
Je me sens très bien aujourd'hui,French
Allons au parc,French
Je lis un bon livre,French
À demain,French
comment allez-vous,French
Je m'appelle Pierre,French
J'aime apprendre de nouvelles choses,French
C'est une belle journée,French
Pouvez-vous m'aider s'il vous plaît?,French
Quelle heure est-il?,French
Je me sens très bien aujourd'hui,French
Allons au parc,French
Je lis un bon livre,French
À demain,French
comment allez-vous,French
Je m'appelle Pierre,French
J'aime apprendre de nouvelles choses,French
C'est une belle journée,French
Pouvez-vous m'aider s'il vous plaît?,French
Quelle heure est-il?,French
Je me sens très bien aujourd'hui,French
Allons au parc,French
Je lis un bon livre,French
À demain,French
comment allez-vous,French
Je m'appelle Pierre,French
J'aime apprendre de nouvelles choses,French
C'est une belle journée,French
Pouvez-vous m'aider s'il vous plaît?,French
Quelle heure est-il?,French
Je me sens très bien aujourd'hui,French
Allons au parc,French
Je lis un bon livre,French
À demain,French
comment allez-vous,French
Je m'appelle Pierre,French
J'aime apprendre de nouvelles choses,French
C'est une belle journée,French
Pouvez-vous m'aider s'il vous plaît?,French
Quelle heure est-il?,French
Je me sens très bien aujourd'hui,French
Allons au parc,French
Je lis un bon livre,French
À demain,French
comment allez-vous,French
Je m'appelle Pierre,French
J'aime apprendre de nouvelles choses,French
C'est une belle journée,French
Pouvez-vous m'aider s'il vous plaît?,French
Quelle heure est-il?,French
Je me sens très bien aujourd'hui,French
Allons au parc,French
Je lis un bon livre,French
À demain,French
comment allez-vous,French
Je m'appelle Pierre,French
J'aime apprendre de nouvelles choses,French
C'est une belle journée,French
Pouvez-vous m'aider s'il vous plaît?,French
Quelle heure est-il?,French
Je me sens très bien aujourd'hui,French
Allons au parc,French
Je lis un bon livre,French
À demain,French
comment allez-vous,French
Je m'appelle Pierre,French
J'aime apprendre de nouvelles choses,French
C'est une belle journée,French
Pouvez-vous m'aider s'il vous plaît?,French
Quelle heure est-il?,French
Je me sens très bien aujourd'hui,French
Allons au parc,French
Je lis un bon livre,French
À demain,French
comment allez-vous,French
Je m'appelle Pierre,French
J'aime apprendre de nouvelles choses,French
C'est une belle journée,French
Pouvez-vous m'aider s'il vous plaît?,French
Quelle heure est-il?,French
Je me sens très bien aujourd'hui,French
Allons au parc,French
Je lis un bon livre,French
À demain,French
comment allez-vous,French
Je m'appelle Pierre,French
J'aime apprendre de nouvelles choses,French
C'est une belle journée,French
Pouvez-vous m'aider s'il vous plaît?,French
Quelle heure est-il?,French
Je me sens très bien aujourd'hui,French
Allons au parc,French
Je lis un bon livre,French
À demain,French
comment allez-vous,French
Je m'appelle Pierre,French
J'aime apprendre de nouvelles choses,French
C'est une belle journée,French
Pouvez-vous m'aider s'il vous plaît?,French
Quelle heure est-il?,French
Je me sens très bien aujourd'hui,French
Allons au parc,French
Je lis un bon livre,French
À demain,French
comment allez-vous,French
Je m'appelle Pierre,French
J'aime apprendre de nouvelles choses,French
C'est une belle journée,French
Pouvez-vous m'aider s'il vous plaît?,French
Quelle heure est-il?,French
Je me sens très bien aujourd'hui,French
Allons au parc,French
Je lis un bon livre,French
À demain,French
comment allez-vous,French
Je m'appelle Pierre,French
J'aime apprendre de nouvelles choses,French
C'est une belle journée,French
Pouvez-vous m'aider s'il vous plaît?,French
Quelle heure est-il?,French
Je me sens très bien aujourd'hui,French
Allons au parc,French
Je lis un bon livre,French
À demain,French
comment allez-vous,French
Je m'appelle Pierre,French
J'aime apprendre de nouvelles choses,French
C'est une belle journée,French
Pouvez-vous m'aider s'il vous plaît?,French
Quelle heure est-il?,French
Je me sens très bien aujourd'hui,French
Allons au parc,French
Je lis un bon livre,French
À demain,French
"नमस्ते, आप कैसे हैं",Hindi
मेरा नाम टेडी है,Hindi
मुझे नई चीजें सीखना पसंद है,Hindi
आज का दिन बहुत अच्छा है,Hindi
क्या आप मेरी मदद कर सकते हैं,Hindi
समय क्या हुआ है,Hindi
मैं आज अच्छा महसूस कर रहा हूँ,Hindi
चलो पार्क चलते हैं,Hindi
मैं एक अच्छी किताब पढ़ रहा हूँ,Hindi
कल मिलते हैं,Hindi
"नमस्ते, आप कैसे हैं",Hindi
मेरा नाम टेडी है,Hindi
मुझे नई चीजें सीखना पसंद है,Hindi
आज का दिन बहुत अच्छा है,Hindi
क्या आप मेरी मदद कर सकते हैं,Hindi
समय क्या हुआ है,Hindi
मैं आज अच्छा महसूस कर रहा हूँ,Hindi
चलो पार्क चलते हैं,Hindi
मैं एक अच्छी किताब पढ़ रहा हूँ,Hindi
कल मिलते हैं,Hindi
"नमस्ते, आप कैसे हैं",Hindi
मेरा नाम टेडी है,Hindi
मुझे नई चीजें सीखना पसंद है,Hindi
आज का दिन बहुत अच्छा है,Hindi
क्या आप मेरी मदद कर सकते हैं,Hindi
समय क्या हुआ है,Hindi
मैं आज अच्छा महसूस कर रहा हूँ,Hindi
चलो पार्क चलते हैं,Hindi
मैं एक अच्छी किताब पढ़ रहा हूँ,Hindi
कल मिलते हैं,Hindi
"नमस्ते, आप कैसे हैं",Hindi
मेरा नाम टेडी है,Hindi
मुझे नई चीजें सीखना पसंद है,Hindi
आज का दिन बहुत अच्छा है,Hindi
क्या आप मेरी मदद कर सकते हैं,Hindi
समय क्या हुआ है,Hindi
मैं आज अच्छा महसूस कर रहा हूँ,Hindi
चलो पार्क चलते हैं,Hindi
मैं एक अच्छी किताब पढ़ रहा हूँ,Hindi
कल मिलते हैं,Hindi
"नमस्ते, आप कैसे हैं",Hindi
मेरा नाम टेडी है,Hindi
मुझे नई चीजें सीखना पसंद है,Hindi
आज का दिन बहुत अच्छा है,Hindi
क्या आप मेरी मदद कर सकते हैं,Hindi
समय क्या हुआ है,Hindi
मैं आज अच्छा महसूस कर रहा हूँ,Hindi
चलो पार्क चलते हैं,Hindi
मैं एक अच्छी किताब पढ़ रहा हूँ,Hindi
कल मिलते हैं,Hindi
"नमस्ते, आप कैसे हैं",Hindi
मेरा नाम टेडी है,Hindi
मुझे नई चीजें सीखना पसंद है,Hindi
आज का दिन बहुत अच्छा है,Hindi
क्या आप मेरी मदद कर सकते हैं,Hindi
समय क्या हुआ है,Hindi
मैं आज अच्छा महसूस कर रहा हूँ,Hindi
चलो पार्क चलते हैं,Hindi
मैं एक अच्छी किताब पढ़ रहा हूँ,Hindi
कल मिलते हैं,Hindi
"नमस्ते, आप कैसे हैं",Hindi
मेरा नाम टेडी है,Hindi
मुझे नई चीजें सीखना पसंद है,Hindi
आज का दिन बहुत अच्छा है,Hindi
क्या आप मेरी मदद कर सकते हैं,Hindi
समय क्या हुआ है,Hindi
मैं आज अच्छा महसूस कर रहा हूँ,Hindi
चलो पार्क चलते हैं,Hindi
मैं एक अच्छी किताब पढ़ रहा हूँ,Hindi
कल मिलते हैं,Hindi
"नमस्ते, आप कैसे हैं",Hindi
मेरा नाम टेडी है,Hindi
मुझे नई चीजें सीखना पसंद है,Hindi
आज का दिन बहुत अच्छा है,Hindi
क्या आप मेरी मदद कर सकते हैं,Hindi
समय क्या हुआ है,Hindi
मैं आज अच्छा महसूस कर रहा हूँ,Hindi
चलो पार्क चलते हैं,Hindi
मैं एक अच्छी किताब पढ़ रहा हूँ,Hindi
कल मिलते हैं,Hindi
"नमस्ते, आप कैसे हैं",Hindi
मेरा नाम टेडी है,Hindi
मुझे नई चीजें सीखना पसंद है,Hindi
आज का दिन बहुत अच्छा है,Hindi
क्या आप मेरी मदद कर सकते हैं,Hindi
समय क्या हुआ है,Hindi
मैं आज अच्छा महसूस कर रहा हूँ,Hindi
चलो पार्क चलते हैं,Hindi
मैं एक अच्छी किताब पढ़ रहा हूँ,Hindi
कल मिलते हैं,Hindi
"नमस्ते, आप कैसे हैं",Hindi
मेरा नाम टेडी है,Hindi
मुझे नई चीजें सीखना पसंद है,Hindi
आज का दिन बहुत अच्छा है,Hindi
क्या आप मेरी मदद कर सकते हैं,Hindi
समय क्या हुआ है,Hindi
मैं आज अच्छा महसूस कर रहा हूँ,Hindi
चलो पार्क चलते हैं,Hindi
मैं एक अच्छी किताब पढ़ रहा हूँ,Hindi
कल मिलते हैं,Hindi
"नमस्ते, आप कैसे हैं",Hindi
मेरा नाम टेडी है,Hindi
मुझे नई चीजें सीखना पसंद है,Hindi
आज का दिन बहुत अच्छा है,Hindi
क्या आप मेरी मदद कर सकते हैं,Hindi
समय क्या हुआ है,Hindi
मैं आज अच्छा महसूस कर रहा हूँ,Hindi
चलो पार्क चलते हैं,Hindi
मैं एक अच्छी किताब पढ़ रहा हूँ,Hindi
कल मिलते हैं,Hindi
"नमस्ते, आप कैसे हैं",Hindi
मेरा नाम टेडी है,Hindi
मुझे नई चीजें सीखना पसंद है,Hindi
आज का दिन बहुत अच्छा है,Hindi
क्या आप मेरी मदद कर सकते हैं,Hindi
समय क्या हुआ है,Hindi
मैं आज अच्छा महसूस कर रहा हूँ,Hindi
चलो पार्क चलते हैं,Hindi
मैं एक अच्छी किताब पढ़ रहा हूँ,Hindi
कल मिलते हैं,Hindi
"नमस्ते, आप कैसे हैं",Hindi
मेरा नाम टेडी है,Hindi
मुझे नई चीजें सीखना पसंद है,Hindi
आज का दिन बहुत अच्छा है,Hindi
क्या आप मेरी मदद कर सकते हैं,Hindi
समय क्या हुआ है,Hindi
मैं आज अच्छा महसूस कर रहा हूँ,Hindi
चलो पार्क चलते हैं,Hindi
मैं एक अच्छी किताब पढ़ रहा हूँ,Hindi
कल मिलते हैं,Hindi
"नमस्ते, आप कैसे हैं",Hindi
मेरा नाम टेडी है,Hindi
मुझे नई चीजें सीखना पसंद है,Hindi
आज का दिन बहुत अच्छा है,Hindi
क्या आप मेरी मदद कर सकते हैं,Hindi
समय क्या हुआ है,Hindi
मैं आज अच्छा महसूस कर रहा हूँ,Hindi
चलो पार्क चलते हैं,Hindi
मैं एक अच्छी किताब पढ़ रहा हूँ,Hindi
कल मिलते हैं,Hindi
"नमस्ते, आप कैसे हैं",Hindi
मेरा नाम टेडी है,Hindi
मुझे नई चीजें सीखना पसंद है,Hindi
आज का दिन बहुत अच्छा है,Hindi
क्या आप मेरी मदद कर सकते हैं,Hindi
समय क्या हुआ है,Hindi
मैं आज अच्छा महसूस कर रहा हूँ,Hindi
चलो पार्क चलते हैं,Hindi
मैं एक अच्छी किताब पढ़ रहा हूँ,Hindi
कल मिलते हैं,Hindi
"नमस्ते, आप कैसे हैं",Hindi
मेरा नाम टेडी है,Hindi
मुझे नई चीजें सीखना पसंद है,Hindi
आज का दिन बहुत अच्छा है,Hindi
क्या आप मेरी मदद कर सकते हैं,Hindi
समय क्या हुआ है,Hindi
मैं आज अच्छा महसूस कर रहा हूँ,Hindi
चलो पार्क चलते हैं,Hindi
मैं एक अच्छी किताब पढ़ रहा हूँ,Hindi
कल मिलते हैं,Hindi
"नमस्ते, आप कैसे हैं",Hindi
मेरा नाम टेडी है,Hindi
मुझे नई चीजें सीखना पसंद है,Hindi
आज का दिन बहुत अच्छा है,Hindi
क्या आप मेरी मदद कर सकते हैं,Hindi
समय क्या हुआ है,Hindi
मैं आज अच्छा महसूस कर रहा हूँ,Hindi
चलो पार्क चलते हैं,Hindi
मैं एक अच्छी किताब पढ़ रहा हूँ,Hindi
कल मिलते हैं,Hindi
"नमस्ते, आप कैसे हैं",Hindi
मेरा नाम टेडी है,Hindi
मुझे नई चीजें सीखना पसंद है,Hindi
आज का दिन बहुत अच्छा है,Hindi
क्या आप मेरी मदद कर सकते हैं,Hindi
समय क्या हुआ है,Hindi
मैं आज अच्छा महसूस कर रहा हूँ,Hindi
चलो पार्क चलते हैं,Hindi
मैं एक अच्छी किताब पढ़ रहा हूँ,Hindi
कल मिलते हैं,Hindi
"नमस्ते, आप कैसे हैं",Hindi
मेरा नाम टेडी है,Hindi
मुझे नई चीजें सीखना पसंद है,Hindi
आज का दिन बहुत अच्छा है,Hindi
क्या आप मेरी मदद कर सकते हैं,Hindi
समय क्या हुआ है,Hindi
मैं आज अच्छा महसूस कर रहा हूँ,Hindi
चलो पार्क चलते हैं,Hindi
मैं एक अच्छी किताब पढ़ रहा हूँ,Hindi
कल मिलते हैं,Hindi
"नमस्ते, आप कैसे हैं",Hindi
मेरा नाम टेडी है,Hindi
मुझे नई चीजें सीखना पसंद है,Hindi
आज का दिन बहुत अच्छा है,Hindi
क्या आप मेरी मदद कर सकते हैं,Hindi
समय क्या हुआ है,Hindi
मैं आज अच्छा महसूस कर रहा हूँ,Hindi
चलो पार्क चलते हैं,Hindi
मैं एक अच्छी किताब पढ़ रहा हूँ,Hindi
कल मिलते हैं,Hindi
"नमस्ते, आप कैसे हैं",Hindi
मेरा नाम टेडी है,Hindi
मुझे नई चीजें सीखना पसंद है,Hindi
आज का दिन बहुत अच्छा है,Hindi
क्या आप मेरी मदद कर सकते हैं,Hindi
समय क्या हुआ है,Hindi
मैं आज अच्छा महसूस कर रहा हूँ,Hindi
चलो पार्क चलते हैं,Hindi
मैं एक अच्छी किताब पढ़ रहा हूँ,Hindi
कल मिलते हैं,Hindi
"नमस्ते, आप कैसे हैं",Hindi
मेरा नाम टेडी है,Hindi
मुझे नई चीजें सीखना पसंद है,Hindi
आज का दिन बहुत अच्छा है,Hindi
क्या आप मेरी मदद कर सकते हैं,Hindi
समय क्या हुआ है,Hindi
मैं आज अच्छा महसूस कर रहा हूँ,Hindi
चलो पार्क चलते हैं,Hindi
मैं एक अच्छी किताब पढ़ रहा हूँ,Hindi
कल मिलते हैं,Hindi
"नमस्ते, आप कैसे हैं",Hindi
मेरा नाम टेडी है,Hindi
मुझे नई चीजें सीखना पसंद है,Hindi
आज का दिन बहुत अच्छा है,Hindi
क्या आप मेरी मदद कर सकते हैं,Hindi
समय क्या हुआ है,Hindi
मैं आज अच्छा महसूस कर रहा हूँ,Hindi
चलो पार्क चलते हैं,Hindi
मैं एक अच्छी किताब पढ़ रहा हूँ,Hindi
कल मिलते हैं,Hindi
"नमस्ते, आप कैसे हैं",Hindi
मेरा नाम टेडी है,Hindi
मुझे नई चीजें सीखना पसंद है,Hindi
आज का दिन बहुत अच्छा है,Hindi
क्या आप मेरी मदद कर सकते हैं,Hindi
समय क्या हुआ है,Hindi
मैं आज अच्छा महसूस कर रहा हूँ,Hindi
चलो पार्क चलते हैं,Hindi
मैं एक अच्छी किताब पढ़ रहा हूँ,Hindi
कल मिलते हैं,Hindi
"नमस्ते, आप कैसे हैं",Hindi
मेरा नाम टेडी है,Hindi
मुझे नई चीजें सीखना पसंद है,Hindi
आज का दिन बहुत अच्छा है,Hindi
क्या आप मेरी मदद कर सकते हैं,Hindi
समय क्या हुआ है,Hindi
मैं आज अच्छा महसूस कर रहा हूँ,Hindi
चलो पार्क चलते हैं,Hindi
मैं एक अच्छी किताब पढ़ रहा हूँ,Hindi
कल मिलते हैं,Hindi
"नमस्ते, आप कैसे हैं",Hindi
मेरा नाम टेडी है,Hindi
मुझे नई चीजें सीखना पसंद है,Hindi
आज का दिन बहुत अच्छा है,Hindi
क्या आप मेरी मदद कर सकते हैं,Hindi
समय क्या हुआ है,Hindi
मैं आज अच्छा महसूस कर रहा हूँ,Hindi
चलो पार्क चलते हैं,Hindi
मैं एक अच्छी किताब पढ़ रहा हूँ,Hindi
कल मिलते हैं,Hindi
"नमस्ते, आप कैसे हैं",Hindi
मेरा नाम टेडी है,Hindi
मुझे नई चीजें सीखना पसंद है,Hindi
आज का दिन बहुत अच्छा है,Hindi
क्या आप मेरी मदद कर सकते हैं,Hindi
समय क्या हुआ है,Hindi
मैं आज अच्छा महसूस कर रहा हूँ,Hindi
चलो पार्क चलते हैं,Hindi
मैं एक अच्छी किताब पढ़ रहा हूँ,Hindi
कल मिलते हैं,Hindi
"नमस्ते, आप कैसे हैं",Hindi
मेरा नाम टेडी है,Hindi
मुझे नई चीजें सीखना पसंद है,Hindi
आज का दिन बहुत अच्छा है,Hindi
क्या आप मेरी मदद कर सकते हैं,Hindi
समय क्या हुआ है,Hindi
मैं आज अच्छा महसूस कर रहा हूँ,Hindi
चलो पार्क चलते हैं,Hindi
मैं एक अच्छी किताब पढ़ रहा हूँ,Hindi
कल मिलते हैं,Hindi
"नमस्ते, आप कैसे हैं",Hindi
मेरा नाम टेडी है,Hindi
मुझे नई चीजें सीखना पसंद है,Hindi
आज का दिन बहुत अच्छा है,Hindi
क्या आप मेरी मदद कर सकते हैं,Hindi
समय क्या हुआ है,Hindi
मैं आज अच्छा महसूस कर रहा हूँ,Hindi
चलो पार्क चलते हैं,Hindi
मैं एक अच्छी किताब पढ़ रहा हूँ,Hindi
कल मिलते हैं,Hindi
"नमस्ते, आप कैसे हैं",Hindi
मेरा नाम टेडी है,Hindi
मुझे नई चीजें सीखना पसंद है,Hindi
आज का दिन बहुत अच्छा है,Hindi
क्या आप मेरी मदद कर सकते हैं,Hindi
समय क्या हुआ है,Hindi
मैं आज अच्छा महसूस कर रहा हूँ,Hindi
चलो पार्क चलते हैं,Hindi
मैं एक अच्छी किताब पढ़ रहा हूँ,Hindi
कल मिलते हैं,Hindi
"नमस्ते, आप कैसे हैं",Hindi
मेरा नाम टेडी है,Hindi
मुझे नई चीजें सीखना पसंद है,Hindi
आज का दिन बहुत अच्छा है,Hindi
क्या आप मेरी मदद कर सकते हैं,Hindi
समय क्या हुआ है,Hindi
मैं आज अच्छा महसूस कर रहा हूँ,Hindi
चलो पार्क चलते हैं,Hindi
मैं एक अच्छी किताब पढ़ रहा हूँ,Hindi
कल मिलते हैं,Hindi
"नमस्ते, आप कैसे हैं",Hindi
मेरा नाम टेडी है,Hindi
मुझे नई चीजें सीखना पसंद है,Hindi
आज का दिन बहुत अच्छा है,Hindi
क्या आप मेरी मदद कर सकते हैं,Hindi
समय क्या हुआ है,Hindi
मैं आज अच्छा महसूस कर रहा हूँ,Hindi
चलो पार्क चलते हैं,Hindi
मैं एक अच्छी किताब पढ़ रहा हूँ,Hindi
कल मिलते हैं,Hindi
"नमस्ते, आप कैसे हैं",Hindi
मेरा नाम टेडी है,Hindi
मुझे नई चीजें सीखना पसंद है,Hindi
आज का दिन बहुत अच्छा है,Hindi
क्या आप मेरी मदद कर सकते हैं,Hindi
समय क्या हुआ है,Hindi
मैं आज अच्छा महसूस कर रहा हूँ,Hindi
चलो पार्क चलते हैं,Hindi
मैं एक अच्छी किताब पढ़ रहा हूँ,Hindi
कल मिलते हैं,Hindi
"नमस्ते, आप कैसे हैं",Hindi
मेरा नाम टेडी है,Hindi
मुझे नई चीजें सीखना पसंद है,Hindi
आज का दिन बहुत अच्छा है,Hindi
क्या आप मेरी मदद कर सकते हैं,Hindi
समय क्या हुआ है,Hindi
मैं आज अच्छा महसूस कर रहा हूँ,Hindi
चलो पार्क चलते हैं,Hindi
मैं एक अच्छी किताब पढ़ रहा हूँ,Hindi
कल मिलते हैं,Hindi
"नमस्ते, आप कैसे हैं",Hindi
मेरा नाम टेडी है,Hindi
मुझे नई चीजें सीखना पसंद है,Hindi
आज का दिन बहुत अच्छा है,Hindi
क्या आप मेरी मदद कर सकते हैं,Hindi
समय क्या हुआ है,Hindi
मैं आज अच्छा महसूस कर रहा हूँ,Hindi
चलो पार्क चलते हैं,Hindi
मैं एक अच्छी किताब पढ़ रहा हूँ,Hindi
कल मिलते हैं,Hindi
"नमस्ते, आप कैसे हैं",Hindi
मेरा नाम टेडी है,Hindi
मुझे नई चीजें सीखना पसंद है,Hindi
आज का दिन बहुत अच्छा है,Hindi
क्या आप मेरी मदद कर सकते हैं,Hindi
समय क्या हुआ है,Hindi
मैं आज अच्छा महसूस कर रहा हूँ,Hindi
चलो पार्क चलते हैं,Hindi
मैं एक अच्छी किताब पढ़ रहा हूँ,Hindi
कल मिलते हैं,Hindi
"नमस्ते, आप कैसे हैं",Hindi
मेरा नाम टेडी है,Hindi
मुझे नई चीजें सीखना पसंद है,Hindi
आज का दिन बहुत अच्छा है,Hindi
क्या आप मेरी मदद कर सकते हैं,Hindi
समय क्या हुआ है,Hindi
मैं आज अच्छा महसूस कर रहा हूँ,Hindi
चलो पार्क चलते हैं,Hindi
मैं एक अच्छी किताब पढ़ रहा हूँ,Hindi
कल मिलते हैं,Hindi
"नमस्ते, आप कैसे हैं",Hindi
मेरा नाम टेडी है,Hindi
मुझे नई चीजें सीखना पसंद है,Hindi
आज का दिन बहुत अच्छा है,Hindi
क्या आप मेरी मदद कर सकते हैं,Hindi
समय क्या हुआ है,Hindi
मैं आज अच्छा महसूस कर रहा हूँ,Hindi
चलो पार्क चलते हैं,Hindi
मैं एक अच्छी किताब पढ़ रहा हूँ,Hindi
कल मिलते हैं,Hindi
"नमस्ते, आप कैसे हैं",Hindi
मेरा नाम टेडी है,Hindi
मुझे नई चीजें सीखना पसंद है,Hindi
आज का दिन बहुत अच्छा है,Hindi
क्या आप मेरी मदद कर सकते हैं,Hindi
समय क्या हुआ है,Hindi
मैं आज अच्छा महसूस कर रहा हूँ,Hindi
चलो पार्क चलते हैं,Hindi
मैं एक अच्छी किताब पढ़ रहा हूँ,Hindi
कल मिलते हैं,Hindi
"नमस्ते, आप कैसे हैं",Hindi
मेरा नाम टेडी है,Hindi
मुझे नई चीजें सीखना पसंद है,Hindi
आज का दिन बहुत अच्छा है,Hindi
क्या आप मेरी मदद कर सकते हैं,Hindi
समय क्या हुआ है,Hindi
मैं आज अच्छा महसूस कर रहा हूँ,Hindi
चलो पार्क चलते हैं,Hindi
मैं एक अच्छी किताब पढ़ रहा हूँ,Hindi
कल मिलते हैं,Hindi
"नमस्ते, आप कैसे हैं",Hindi
मेरा नाम टेडी है,Hindi
मुझे नई चीजें सीखना पसंद है,Hindi
आज का दिन बहुत अच्छा है,Hindi
क्या आप मेरी मदद कर सकते हैं,Hindi
समय क्या हुआ है,Hindi
मैं आज अच्छा महसूस कर रहा हूँ,Hindi
चलो पार्क चलते हैं,Hindi
मैं एक अच्छी किताब पढ़ रहा हूँ,Hindi
कल मिलते हैं,Hindi
"नमस्ते, आप कैसे हैं",Hindi
मेरा नाम टेडी है,Hindi
मुझे नई चीजें सीखना पसंद है,Hindi
आज का दिन बहुत अच्छा है,Hindi
क्या आप मेरी मदद कर सकते हैं,Hindi
समय क्या हुआ है,Hindi
मैं आज अच्छा महसूस कर रहा हूँ,Hindi
चलो पार्क चलते हैं,Hindi
मैं एक अच्छी किताब पढ़ रहा हूँ,Hindi
कल मिलते हैं,Hindi
"नमस्ते, आप कैसे हैं",Hindi
मेरा नाम टेडी है,Hindi
मुझे नई चीजें सीखना पसंद है,Hindi
आज का दिन बहुत अच्छा है,Hindi
क्या आप मेरी मदद कर सकते हैं,Hindi
समय क्या हुआ है,Hindi
मैं आज अच्छा महसूस कर रहा हूँ,Hindi
चलो पार्क चलते हैं,Hindi
मैं एक अच्छी किताब पढ़ रहा हूँ,Hindi
कल मिलते हैं,Hindi
"नमस्ते, आप कैसे हैं",Hindi
मेरा नाम टेडी है,Hindi
मुझे नई चीजें सीखना पसंद है,Hindi
आज का दिन बहुत अच्छा है,Hindi
क्या आप मेरी मदद कर सकते हैं,Hindi
समय क्या हुआ है,Hindi
मैं आज अच्छा महसूस कर रहा हूँ,Hindi
चलो पार्क चलते हैं,Hindi
मैं एक अच्छी किताब पढ़ रहा हूँ,Hindi
कल मिलते हैं,Hindi
"नमस्ते, आप कैसे हैं",Hindi
मेरा नाम टेडी है,Hindi
मुझे नई चीजें सीखना पसंद है,Hindi
आज का दिन बहुत अच्छा है,Hindi
क्या आप मेरी मदद कर सकते हैं,Hindi
समय क्या हुआ है,Hindi
मैं आज अच्छा महसूस कर रहा हूँ,Hindi
चलो पार्क चलते हैं,Hindi
मैं एक अच्छी किताब पढ़ रहा हूँ,Hindi
कल मिलते हैं,Hindi
"नमस्ते, आप कैसे हैं",Hindi
मेरा नाम टेडी है,Hindi
मुझे नई चीजें सीखना पसंद है,Hindi
आज का दिन बहुत अच्छा है,Hindi
क्या आप मेरी मदद कर सकते हैं,Hindi
समय क्या हुआ है,Hindi
मैं आज अच्छा महसूस कर रहा हूँ,Hindi
चलो पार्क चलते हैं,Hindi
मैं एक अच्छी किताब पढ़ रहा हूँ,Hindi
कल मिलते हैं,Hindi
"नमस्ते, आप कैसे हैं",Hindi
मेरा नाम टेडी है,Hindi
मुझे नई चीजें सीखना पसंद है,Hindi
आज का दिन बहुत अच्छा है,Hindi
क्या आप मेरी मदद कर सकते हैं,Hindi
समय क्या हुआ है,Hindi
मैं आज अच्छा महसूस कर रहा हूँ,Hindi
चलो पार्क चलते हैं,Hindi
मैं एक अच्छी किताब पढ़ रहा हूँ,Hindi
कल मिलते हैं,Hindi
"नमस्ते, आप कैसे हैं",Hindi
मेरा नाम टेडी है,Hindi
मुझे नई चीजें सीखना पसंद है,Hindi
आज का दिन बहुत अच्छा है,Hindi
क्या आप मेरी मदद कर सकते हैं,Hindi
समय क्या हुआ है,Hindi
मैं आज अच्छा महसूस कर रहा हूँ,Hindi
चलो पार्क चलते हैं,Hindi
मैं एक अच्छी किताब पढ़ रहा हूँ,Hindi
कल मिलते हैं,Hindi
"नमस्ते, आप कैसे हैं",Hindi
मेरा नाम टेडी है,Hindi
मुझे नई चीजें सीखना पसंद है,Hindi
आज का दिन बहुत अच्छा है,Hindi
क्या आप मेरी मदद कर सकते हैं,Hindi
समय क्या हुआ है,Hindi
मैं आज अच्छा महसूस कर रहा हूँ,Hindi
चलो पार्क चलते हैं,Hindi
मैं एक अच्छी किताब पढ़ रहा हूँ,Hindi
कल मिलते हैं,Hindi
"नमस्ते, आप कैसे हैं",Hindi
मेरा नाम टेडी है,Hindi
मुझे नई चीजें सीखना पसंद है,Hindi
आज का दिन बहुत अच्छा है,Hindi
क्या आप मेरी मदद कर सकते हैं,Hindi
समय क्या हुआ है,Hindi
मैं आज अच्छा महसूस कर रहा हूँ,Hindi
चलो पार्क चलते हैं,Hindi
मैं एक अच्छी किताब पढ़ रहा हूँ,Hindi
कल मिलते हैं,Hindi
Ich bin krank,German
Mein Name ist Hans,German
"Ich liebe es, neue Dinge zu lernen",German
Das ist ein schöner Tag,German
Können Sie mir bitte helfen?,German
Wie spät ist es?,German
Ich fühle mich heute großartig,German
Lass uns in den Park gehen,German
Ich lese ein gutes Buch,German
Bis morgen,German
Ich bin krank,German
Mein Name ist Hans,German
"Ich liebe es, neue Dinge zu lernen",German
Das ist ein schöner Tag,German
Können Sie mir bitte helfen?,German
Wie spät ist es?,German
Ich fühle mich heute großartig,German
Lass uns in den Park gehen,German
Ich lese ein gutes Buch,German
Bis morgen,German
Ich bin krank,German
Mein Name ist Hans,German
"Ich liebe es, neue Dinge zu lernen",German
Das ist ein schöner Tag,German
Können Sie mir bitte helfen?,German
Wie spät ist es?,German
Ich fühle mich heute großartig,German
Lass uns in den Park gehen,German
Ich lese ein gutes Buch,German
Bis morgen,German
Ich bin krank,German
Mein Name ist Hans,German
"Ich liebe es, neue Dinge zu lernen",German
Das ist ein schöner Tag,German
Können Sie mir bitte helfen?,German
Wie spät ist es?,German
Ich fühle mich heute großartig,German
Lass uns in den Park gehen,German
Ich lese ein gutes Buch,German
Bis morgen,German
Ich bin krank,German
Mein Name ist Hans,German
"Ich liebe es, neue Dinge zu lernen",German
Das ist ein schöner Tag,German
Können Sie mir bitte helfen?,German
Wie spät ist es?,German
Ich fühle mich heute großartig,German
Lass uns in den Park gehen,German
Ich lese ein gutes Buch,German
Bis morgen,German
Ich bin krank,German
Mein Name ist Hans,German
"Ich liebe es, neue Dinge zu lernen",German
Das ist ein schöner Tag,German
Können Sie mir bitte helfen?,German
Wie spät ist es?,German
Ich fühle mich heute großartig,German
Lass uns in den Park gehen,German
Ich lese ein gutes Buch,German
Bis morgen,German
Ich bin krank,German
Mein Name ist Hans,German
"Ich liebe es, neue Dinge zu lernen",German
Das ist ein schöner Tag,German
Können Sie mir bitte helfen?,German
Wie spät ist es?,German
Ich fühle mich heute großartig,German
Lass uns in den Park gehen,German
Ich lese ein gutes Buch,German
Bis morgen,German
Ich bin krank,German
Mein Name ist Hans,German
"Ich liebe es, neue Dinge zu lernen",German
Das ist ein schöner Tag,German
Können Sie mir bitte helfen?,German
Wie spät ist es?,German
Ich fühle mich heute großartig,German
Lass uns in den Park gehen,German
Ich lese ein gutes Buch,German
Bis morgen,German
Ich bin krank,German
Mein Name ist Hans,German
"Ich liebe es, neue Dinge zu lernen",German
Das ist ein schöner Tag,German
Können Sie mir bitte helfen?,German
Wie spät ist es?,German
Ich fühle mich heute großartig,German
Lass uns in den Park gehen,German
Ich lese ein gutes Buch,German
Bis morgen,German
Ich bin krank,German
Mein Name ist Hans,German
"Ich liebe es, neue Dinge zu lernen",German
Das ist ein schöner Tag,German
Können Sie mir bitte helfen?,German
Wie spät ist es?,German
Ich fühle mich heute großartig,German
Lass uns in den Park gehen,German
Ich lese ein gutes Buch,German
Bis morgen,German
Ich bin krank,German
Mein Name ist Hans,German
"Ich liebe es, neue Dinge zu lernen",German
Das ist ein schöner Tag,German
Können Sie mir bitte helfen?,German
Wie spät ist es?,German
Ich fühle mich heute großartig,German
Lass uns in den Park gehen,German
Ich lese ein gutes Buch,German
Bis morgen,German
Ich bin krank,German
Mein Name ist Hans,German
"Ich liebe es, neue Dinge zu lernen",German
Das ist ein schöner Tag,German
Können Sie mir bitte helfen?,German
Wie spät ist es?,German
Ich fühle mich heute großartig,German
Lass uns in den Park gehen,German
Ich lese ein gutes Buch,German
Bis morgen,German
Ich bin krank,German
Mein Name ist Hans,German
"Ich liebe es, neue Dinge zu lernen",German
Das ist ein schöner Tag,German
Können Sie mir bitte helfen?,German
Wie spät ist es?,German
Ich fühle mich heute großartig,German
Lass uns in den Park gehen,German
Ich lese ein gutes Buch,German
Bis morgen,German
Ich bin krank,German
Mein Name ist Hans,German
"Ich liebe es, neue Dinge zu lernen",German
Das ist ein schöner Tag,German
Können Sie mir bitte helfen?,German
Wie spät ist es?,German
Ich fühle mich heute großartig,German
Lass uns in den Park gehen,German
Ich lese ein gutes Buch,German
Bis morgen,German
Ich bin krank,German
Mein Name ist Hans,German
"Ich liebe es, neue Dinge zu lernen",German
Das ist ein schöner Tag,German
Können Sie mir bitte helfen?,German
Wie spät ist es?,German
Ich fühle mich heute großartig,German
Lass uns in den Park gehen,German
Ich lese ein gutes Buch,German
Bis morgen,German
Ich bin krank,German
Mein Name ist Hans,German
"Ich liebe es, neue Dinge zu lernen",German
Das ist ein schöner Tag,German
Können Sie mir bitte helfen?,German
Wie spät ist es?,German
Ich fühle mich heute großartig,German
Lass uns in den Park gehen,German
Ich lese ein gutes Buch,German
Bis morgen,German
Ich bin krank,German
Mein Name ist Hans,German
"Ich liebe es, neue Dinge zu lernen",German
Das ist ein schöner Tag,German
Können Sie mir bitte helfen?,German
Wie spät ist es?,German
Ich fühle mich heute großartig,German
Lass uns in den Park gehen,German
Ich lese ein gutes Buch,German
Bis morgen,German
Ich bin krank,German
Mein Name ist Hans,German
"Ich liebe es, neue Dinge zu lernen",German
Das ist ein schöner Tag,German
Können Sie mir bitte helfen?,German
Wie spät ist es?,German
Ich fühle mich heute großartig,German
Lass uns in den Park gehen,German
Ich lese ein gutes Buch,German
Bis morgen,German
Ich bin krank,German
Mein Name ist Hans,German
"Ich liebe es, neue Dinge zu lernen",German
Das ist ein schöner Tag,German
Können Sie mir bitte helfen?,German
Wie spät ist es?,German
Ich fühle mich heute großartig,German
Lass uns in den Park gehen,German
Ich lese ein gutes Buch,German
Bis morgen,German
Ich bin krank,German
Mein Name ist Hans,German
"Ich liebe es, neue Dinge zu lernen",German
Das ist ein schöner Tag,German
Können Sie mir bitte helfen?,German
Wie spät ist es?,German
Ich fühle mich heute großartig,German
Lass uns in den Park gehen,German
Ich lese ein gutes Buch,German
Bis morgen,German
Ich bin krank,German
Mein Name ist Hans,German
"Ich liebe es, neue Dinge zu lernen",German
Das ist ein schöner Tag,German
Können Sie mir bitte helfen?,German
Wie spät ist es?,German
Ich fühle mich heute großartig,German
Lass uns in den Park gehen,German
Ich lese ein gutes Buch,German
Bis morgen,German
Ich bin krank,German
Mein Name ist Hans,German
"Ich liebe es, neue Dinge zu lernen",German
Das ist ein schöner Tag,German
Können Sie mir bitte helfen?,German
Wie spät ist es?,German
Ich fühle mich heute großartig,German
Lass uns in den Park gehen,German
Ich lese ein gutes Buch,German
Bis morgen,German
Ich bin krank,German
Mein Name ist Hans,German
"Ich liebe es, neue Dinge zu lernen",German
Das ist ein schöner Tag,German
Können Sie mir bitte helfen?,German
Wie spät ist es?,German
Ich fühle mich heute großartig,German
Lass uns in den Park gehen,German
Ich lese ein gutes Buch,German
Bis morgen,German
Ich bin krank,German
Mein Name ist Hans,German
"Ich liebe es, neue Dinge zu lernen",German
Das ist ein schöner Tag,German
Können Sie mir bitte helfen?,German
Wie spät ist es?,German
Ich fühle mich heute großartig,German
Lass uns in den Park gehen,German
Ich lese ein gutes Buch,German
Bis morgen,German
Ich bin krank,German
Mein Name ist Hans,German
"Ich liebe es, neue Dinge zu lernen",German
Das ist ein schöner Tag,German
Können Sie mir bitte helfen?,German
Wie spät ist es?,German
Ich fühle mich heute großartig,German
Lass uns in den Park gehen,German
Ich lese ein gutes Buch,German
Bis morgen,German
Ich bin krank,German
Mein Name ist Hans,German
"Ich liebe es, neue Dinge zu lernen",German
Das ist ein schöner Tag,German
Können Sie mir bitte helfen?,German
Wie spät ist es?,German
Ich fühle mich heute großartig,German
Lass uns in den Park gehen,German
Ich lese ein gutes Buch,German
Bis morgen,German
Ich bin krank,German
Mein Name ist Hans,German
"Ich liebe es, neue Dinge zu lernen",German
Das ist ein schöner Tag,German
Können Sie mir bitte helfen?,German
Wie spät ist es?,German
Ich fühle mich heute großartig,German
Lass uns in den Park gehen,German
Ich lese ein gutes Buch,German
Bis morgen,German
Ich bin krank,German
Mein Name ist Hans,German
"Ich liebe es, neue Dinge zu lernen",German
Das ist ein schöner Tag,German
Können Sie mir bitte helfen?,German
Wie spät ist es?,German
Ich fühle mich heute großartig,German
Lass uns in den Park gehen,German
Ich lese ein gutes Buch,German
Bis morgen,German
Ich bin krank,German
Mein Name ist Hans,German
"Ich liebe es, neue Dinge zu lernen",German
Das ist ein schöner Tag,German
Können Sie mir bitte helfen?,German
Wie spät ist es?,German
Ich fühle mich heute großartig,German
Lass uns in den Park gehen,German
Ich lese ein gutes Buch,German
Bis morgen,German
Ich bin krank,German
Mein Name ist Hans,German
"Ich liebe es, neue Dinge zu lernen",German
Das ist ein schöner Tag,German
Können Sie mir bitte helfen?,German
Wie spät ist es?,German
Ich fühle mich heute großartig,German
Lass uns in den Park gehen,German
Ich lese ein gutes Buch,German
Bis morgen,German
Ich bin krank,German
Mein Name ist Hans,German
"Ich liebe es, neue Dinge zu lernen",German
Das ist ein schöner Tag,German
Können Sie mir bitte helfen?,German
Wie spät ist es?,German
Ich fühle mich heute großartig,German
Lass uns in den Park gehen,German
Ich lese ein gutes Buch,German
Bis morgen,German
Ich bin krank,German
Mein Name ist Hans,German
"Ich liebe es, neue Dinge zu lernen",German
Das ist ein schöner Tag,German
Können Sie mir bitte helfen?,German
Wie spät ist es?,German
Ich fühle mich heute großartig,German
Lass uns in den Park gehen,German
Ich lese ein gutes Buch,German
Bis morgen,German
Ich bin krank,German
Mein Name ist Hans,German
"Ich liebe es, neue Dinge zu lernen",German
Das ist ein schöner Tag,German
Können Sie mir bitte helfen?,German
Wie spät ist es?,German
Ich fühle mich heute großartig,German
Lass uns in den Park gehen,German
Ich lese ein gutes Buch,German
Bis morgen,German
Ich bin krank,German
Mein Name ist Hans,German
"Ich liebe es, neue Dinge zu lernen",German
Das ist ein schöner Tag,German
Können Sie mir bitte helfen?,German
Wie spät ist es?,German
Ich fühle mich heute großartig,German
Lass uns in den Park gehen,German
Ich lese ein gutes Buch,German
Bis morgen,German
Ich bin krank,German
Mein Name ist Hans,German
"Ich liebe es, neue Dinge zu lernen",German
Das ist ein schöner Tag,German
Können Sie mir bitte helfen?,German
Wie spät ist es?,German
Ich fühle mich heute großartig,German
Lass uns in den Park gehen,German
Ich lese ein gutes Buch,German
Bis morgen,German
Ich bin krank,German
Mein Name ist Hans,German
"Ich liebe es, neue Dinge zu lernen",German
Das ist ein schöner Tag,German
Können Sie mir bitte helfen?,German
Wie spät ist es?,German
Ich fühle mich heute großartig,German
Lass uns in den Park gehen,German
Ich lese ein gutes Buch,German
Bis morgen,German
Ich bin krank,German
Mein Name ist Hans,German
"Ich liebe es, neue Dinge zu lernen",German
Das ist ein schöner Tag,German
Können Sie mir bitte helfen?,German
Wie spät ist es?,German
Ich fühle mich heute großartig,German
Lass uns in den Park gehen,German
Ich lese ein gutes Buch,German
Bis morgen,German
Ich bin krank,German
Mein Name ist Hans,German
"Ich liebe es, neue Dinge zu lernen",German
Das ist ein schöner Tag,German
Können Sie mir bitte helfen?,German
Wie spät ist es?,German
Ich fühle mich heute großartig,German
Lass uns in den Park gehen,German
Ich lese ein gutes Buch,German
Bis morgen,German
Ich bin krank,German
Mein Name ist Hans,German
"Ich liebe es, neue Dinge zu lernen",German
Das ist ein schöner Tag,German
Können Sie mir bitte helfen?,German
Wie spät ist es?,German
Ich fühle mich heute großartig,German
Lass uns in den Park gehen,German
Ich lese ein gutes Buch,German
Bis morgen,German
Ich bin krank,German
Mein Name ist Hans,German
"Ich liebe es, neue Dinge zu lernen",German
Das ist ein schöner Tag,German
Können Sie mir bitte helfen?,German
Wie spät ist es?,German
Ich fühle mich heute großartig,German
Lass uns in den Park gehen,German
Ich lese ein gutes Buch,German
Bis morgen,German
Ich bin krank,German
Mein Name ist Hans,German
"Ich liebe es, neue Dinge zu lernen",German
Das ist ein schöner Tag,German
Können Sie mir bitte helfen?,German
Wie spät ist es?,German
Ich fühle mich heute großartig,German
Lass uns in den Park gehen,German
Ich lese ein gutes Buch,German
Bis morgen,German
Ich bin krank,German
Mein Name ist Hans,German
"Ich liebe es, neue Dinge zu lernen",German
Das ist ein schöner Tag,German
Können Sie mir bitte helfen?,German
Wie spät ist es?,German
Ich fühle mich heute großartig,German
Lass uns in den Park gehen,German
Ich lese ein gutes Buch,German
Bis morgen,German
Ich bin krank,German
Mein Name ist Hans,German
"Ich liebe es, neue Dinge zu lernen",German
Das ist ein schöner Tag,German
Können Sie mir bitte helfen?,German
Wie spät ist es?,German
Ich fühle mich heute großartig,German
Lass uns in den Park gehen,German
Ich lese ein gutes Buch,German
Bis morgen,German
Ich bin krank,German
Mein Name ist Hans,German
"Ich liebe es, neue Dinge zu lernen",German
Das ist ein schöner Tag,German
Können Sie mir bitte helfen?,German
Wie spät ist es?,German
Ich fühle mich heute großartig,German
Lass uns in den Park gehen,German
Ich lese ein gutes Buch,German
Bis morgen,German
Ich bin krank,German
Mein Name ist Hans,German
"Ich liebe es, neue Dinge zu lernen",German
Das ist ein schöner Tag,German
Können Sie mir bitte helfen?,German
Wie spät ist es?,German
Ich fühle mich heute großartig,German
Lass uns in den Park gehen,German
Ich lese ein gutes Buch,German
Bis morgen,German
Ich bin krank,German
Mein Name ist Hans,German
"Ich liebe es, neue Dinge zu lernen",German
Das ist ein schöner Tag,German
Können Sie mir bitte helfen?,German
Wie spät ist es?,German
Ich fühle mich heute großartig,German
Lass uns in den Park gehen,German
Ich lese ein gutes Buch,German
Bis morgen,German
Ich bin krank,German
Mein Name ist Hans,German
"Ich liebe es, neue Dinge zu lernen",German
Das ist ein schöner Tag,German
Können Sie mir bitte helfen?,German
Wie spät ist es?,German
Ich fühle mich heute großartig,German
Lass uns in den Park gehen,German
Ich lese ein gutes Buch,German
Bis morgen,German
Ich bin krank,German
Mein Name ist Hans,German
"Ich liebe es, neue Dinge zu lernen",German
Das ist ein schöner Tag,German
Können Sie mir bitte helfen?,German
Wie spät ist es?,German
Ich fühle mich heute großartig,German
Lass uns in den Park gehen,German
Ich lese ein gutes Buch,German
Bis morgen,German
Ich bin krank,German
Mein Name ist Hans,German
"Ich liebe es, neue Dinge zu lernen",German
Das ist ein schöner Tag,German
Können Sie mir bitte helfen?,German
Wie spät ist es?,German
Ich fühle mich heute großartig,German
Lass uns in den Park gehen,German
Ich lese ein gutes Buch,German
Bis morgen,German
Ich bin krank,German
Mein Name ist Hans,German
"Ich liebe es, neue Dinge zu lernen",German
Das ist ein schöner Tag,German
Können Sie mir bitte helfen?,German
Wie spät ist es?,German
Ich fühle mich heute großartig,German
Lass uns in den Park gehen,German
Ich lese ein gutes Buch,German
Bis morgen,German
